1f345.png,PuEKhHp.png
1f355.png,bwRl4Ec.png
1f357.png,Ush7XZH.png
1f367.png,7bGZDDi.png
1f375.png,fXmhMdH.png
1f37b.png,E7Y4C4h.png
1f389.png,kXIFR21.png
1f3c6.png,cH80gmU.png
1f408.png,Gf66ypY.png
1f40e.png,L67N2B7.png
1f413.png,nbWxyhV.png
1f419.png,BruD5Qy.png
1f41b.png,xY5IdZ8.png
1f422.png,st6cRBc.png
1f423.png,zPoAa9f.png
1f425.png,35AUAEK.png
1f428.png,LReVWC8.png
1f42d.png,EatMV3X.png
1f42e.png,oGL1ta1.png
1f42f.png,EegYDU6.png
1f430.png,I8IjN3S.png
1f431.png,rBU9IvZ.png
1f436.png,0G0zBDM.png
1f437.png,NQgNbHn.png
1f438.png,Ud3Cq84.png
1f439.png,tULpoEJ.png
1f43a.png,aGcGjjE.png
1f43b.png,xDZSiYa.png
1f43d.png,tLweK1w.png
1f447.png,KG2qumK.png
1f44c.png,vVcMG9q.png
1f44d.png,enorupx.png
1f44f.png,35VVNGV.png
1f450.png,u1nZqlN.png
1f469.png,3KDW5wb.png
1f47b.png,28omyru.png
1f47f.png,Bvnbvjb.png
1f483.png,XBEDKIu.png
1f48a.png,86sy0Iu.png
1f48b.png,c4Irb0H.png
1f48c.png,ltV7kn6.png
1f48e.png,UaSjJzQ.png
1f48f.png,3jg1WKF.png
1f493.png,l9pnpwy.png
1f494.png,K8iOzQD.png
1f495.png,LIs0maH.png
1f496.png,gkeKOgk.png
1f497.png,6EwomIk.png
1f498.png,UEGz5K0.png
1f499.png,J1DW5Pi.png
1f49b.png,CRCoxVQ.png
1f49d.png,rLRt8O9.png
1f4a4.png,dhitBKR.png
1f4a6.png,oxdrbGJ.png
1f4a7.png,vDhzPYC.png
1f4af.png,3ap3Ulp.png
1f4be.png,2q04mWb.png
1f50f.png,pbowrCh.png
1f525.png,PDX6GXz.png
1f528.png,WBBkNC7.png
1f600.png,lqvseSs.png
1f601.png,FSOlC38.png
1f602.png,YhwQy9y.png
1f603.png,Gl7Ezf4.png
1f604.png,BfFlqHd.png
1f605.png,3D4v3xq.png
1f606.png,eXo02kr.png
1f607.png,1rZjWOu.png
1f609.png,M4ZE6jt.png
1f60a.png,gJQVO1R.png
1f60b.png,5dFgHbI.png
1f60c.png,mHzw0xt.png
1f60d.png,2r3RJz3.png
1f60f.png,VBXPk9d.png
1f610.png,1CBELAp.png
1f611.png,wVwXOo5.png
1f612.png,blUPLoL.png
1f613.png,RC57aU3.png
1f614.png,zwy6aYy.png
1f617.png,CoKGR5Z.png
1f618.png,WnActEa.png
1f619.png,nfSCxew.png
1f61b.png,Ds7WxJl.png
1f61d.png,qgGKDX0.png
1f61e.png,oPXZWUW.png
1f61f.png,WkC4pah.png
1f621.png,cI0cbRU.png
1f622.png,nJdI9H2.png
1f623.png,TXppDfO.png
1f624.png,OQGQL6H.png
1f628.png,DoqokFk.png
1f629.png,qZy6NVk.png
1f62a.png,pMEJaQM.png
1f62b.png,hOovCWk.png
1f62c.png,8MHXYG9.png
1f62d.png,sPiLK1i.png
1f62e.png,77kBMaz.png
1f62f.png,54nwuLQ.png
1f630.png,6zVUsRE.png
1f631.png,kb1YqiC.png
1f633.png,7tZp0Yd.png
1f634.png,s3LytJp.png
1f636.png,GIU8ipa.png
1f63a.png,ODs1BeH.png
1f63c.png,AsWnYSl.png
1f645.png,rT4HtCG.png
1f648.png,TBCqRhX.png
1f649.png,csADtyG.png
1f64a.png,FA6nbed.png
1f64b.png,59e6BHs.png
1f64f.png,GU9hOcr.png
20140816_134631.jpg,LuSlwMP.jpg
20140816_183115.jpg,kyhAMyh.jpg
20140816_183227.jpg,2REITQ5.jpg
2601.png,ltTebLy.png
261d.png,UbY4e50.png
263a.png,AriDJXI.png
2665.png,TAMGns4.png
2702.png,E8m5NIQ.png
270a.png,3f12Vqc.png
270b.png,Nb8ts8Y.png
270c.png,uzscGJz.png
2744.png,RtHi2UA.png
2753.png,vlj5Qkg.png
2764.png,6KSCkKF.png
image.png,U2jBs0f.png
image1.png,BqPfwXW.png
image2.png,36OMO6i.png
image3.png,HVhMOjQ.png
image4.png,dndMqyg.png
image5.png,fwjUDCx.png
IMG_20141215_093711857.jpg,Q1Ct4wA.jpg
IMG_20160214_155625227.jpg,O3YYlkt.jpg
IMG_20160324_022352424.jpg,0uuBe6K.jpg
IMG_20160324_024126605.jpg,jx26mN8.jpg
IMG_20160324_024205439.jpg,RfZq8pB.jpg
IMG_20160403_100020251_HDR.jpg,eDg3SdN.jpg
IMG_20160417_134059191.jpg,fwI2GzQ.jpg
IMG_20160417_204722244.jpg,2jZz9RJ.jpg
IMG_20160423_213626932.jpg,wffuPiy.jpg
IMG_20160424_213659482.jpg,p1AB1Ya.jpg
IMG_20160426_221318384.jpg,5BJKTkd.jpg
IMG_20160524_225445575.jpg,HevigMj.jpg
IMG_20160525_083801986_HDR.jpg,tixNkzf.jpg
IMG_20160525_085438362_HDR.jpg,3Tre2tf.jpg
IMG-2014073.jpg,bRUfop3.jpg
IMG-20141011-WA0039.jpg,v2J8Ls3.jpg
IMG-20150309_143217789.jpg,KAOamJB.jpg
IMG-20150710-WA0001.jpg,hP9R5FW.jpg
IMG-20150710-WA0004.jpg,zI1d3ZQ.jpg
IMG-20150822-WA0000.jpg,JTUVp4w.jpg
IMG-20151010-WA0000.jpg,yiWWKbJ.jpg
IMG-20151117-WA0001.jpg,c8wtL9R.jpg
IMG-20151128-WA0005.jpg,MWNMQhO.jpg
IMG-20151208-WA0000.jpg,wvVOYmf.jpg
IMG-20151210-WA0001.jpg,o2f6wgR.jpg
IMG-20151211-22-47-13.png,zeq5Wpl.png
IMG-20151212-WA0001.jpg,WAjm7C3.jpg
IMG-20151213-00-24-00.png,Mci3Dpy.png
IMG-20151214-WA0000.jpg,GosiPYO.jpg
IMG-20151214-WA0001.jpg,00I0LKi.jpg
IMG-20151216_134235031_HDR.jpg,z2oir34.jpg
IMG-20151222-WA0001.jpg,YJGZzRg.jpg
IMG-20151222-WA0002.jpg,4wRYAxb.jpg
IMG-20151230-WA0003.jpg,7CTyKc7.jpg
IMG-20151230-WA0004.jpg,6XjMxne.jpg
IMG-20151231-WA0001.jpg,bDtPeS8.jpg
IMG-20160101-WA0005.jpg,FiRLYcp.jpg
IMG-20160101-WA0006.jpg,8R9ur2z.jpg
IMG-20160101-WA0007.jpg,FNrCqQ9.jpg
IMG-20160110-WA0000.jpg,dGprdVP.jpg
IMG-20160121-WA0000.jpg,FZeH9DR.jpg
IMG-20160121-WA0001.jpg,jVjUjUa.jpg
IMG-20160121-WA0002.jpg,WxKjZPM.jpg
IMG-20160121-WA0003.jpg,a5eHLdG.jpg
IMG-20160121-WA0004.jpg,Mqfd86b.jpg
IMG-20160123-WA0000.jpg,fjs0W34.jpg
IMG-20160123-WA0001.jpg,G3pUfFX.jpg
IMG-20160123-WA0002.jpg,thRpj0M.jpg
IMG-20160123-WA0003.jpg,kPrYNzK.jpg
IMG-20160123-WA0005.jpg,SHelzoZ.jpg
IMG-20160123-WA0007.jpg,mpHnRt3.jpg
IMG-20160123-WA0008.jpg,ehAlB5k.jpg
IMG-20160123-WA0009.jpg,ZMMf2QM.jpg
IMG-20160130-WA0001.jpg,hQAcErW.jpg
IMG-20160130-WA0002.jpg,fbMfNwQ.jpg
IMG-20160130-WA0003.jpg,THnOxya.jpg
IMG-20160130-WA0004.jpg,qBI29Kt.jpg
IMG-20160130-WA0005.jpg,5FLGx8r.jpg
IMG-20160130-WA0006.jpg,gtWAH2H.jpg
IMG-20160130-WA0007.jpg,X59FJGY.jpg
IMG-20160130-WA0008.jpg,2FRjn6k.jpg
IMG-20160130-WA0009.jpg,uQSrHAE.jpg
IMG-20160130-WA0010.jpg,AAPt3Pq.jpg
IMG-20160130-WA0011.jpg,PPSYAlg.jpg
IMG-20160130-WA0012.jpg,56JGAI4.jpg
IMG-20160130-WA0013.jpg,xBm8Vzd.jpg
IMG-20160130-WA0014.jpg,AUuD35X.jpg
IMG-20160130-WA0015.jpg,gAUYj8x.jpg
IMG-20160130-WA0016.jpg,xKNrTwE.jpg
IMG-20160130-WA0017.jpg,vpevwr9.jpg
IMG-20160130-WA0018.jpg,VxGSQeh.jpg
IMG-20160130-WA0019.jpg,zUxEmBQ.jpg
IMG-20160131-WA0000.jpg,DDaE3Tu.jpg
IMG-20160206-WA0001.jpg,XcUbyXf.jpg
IMG-20160208-WA0001.jpg,3nZFb7t.jpg
IMG-20160208-WA1999.jpg,VSXPuzc.jpg
IMG-20160209_210245245.jpg,a6zXK9T.jpg
IMG-20160209-WA0000.jpg,wAGDq5P.jpg
IMG-20160210-WA0000.jpg,Hk660NS.jpg
IMG-20160211-WA0001.jpg,WNAVVoa.jpg
IMG-20160211-WA0002.jpg,Ed3z8eb.jpg
IMG-20160213-105403.png,7wiBxHL.png
IMG-20160213-WA0000.jpg,QxcbH0f.jpg
IMG-20160213-WA0001.jpg,Uvnv6gG.jpg
IMG-20160213-WA0004.jpg,8RjiYVP.jpg
IMG-20160215-005950.png,gRFd86x.png
IMG-20160215-WA0002.jpg,2i1Ch9a.jpg
IMG-20160217-WA0002.jpg,HtYP9Py.jpg
IMG-20160217-WA0003.jpg,ERyUiUg.jpg
IMG-20160219-WA0000.jpg,fviBcgO.jpg
IMG-20160219-WA0001.jpg,wSoIu9S.jpg
IMG-20160220-WA0000.jpg,F1tdkh2.jpg
IMG-20160220-WA0002.jpg,PJK0dm9.jpg
IMG-20160220-WA0004.jpg,f2QGWyq.jpg
IMG-20160223-WA0000.jpg,Sm0DetG.jpg
IMG-20160227-WA0032.jpg,PHk48T8.jpg
IMG-20160227-WA0037.jpg,tyTbzmH.jpg
IMG-20160306-015458.png,WtIO6Rq.png
IMG-20160306-021914.png,9zhNnEK.png
IMG-20160306-WA0006.jpg,d0IzAk8.jpg
IMG-20160310-222905.png,4OTG9m2.png
IMG-20160310-WA0013.jpg,fXYfxVT.jpg
IMG-20160312-WA0007.jpg,xC13KcJ.jpg
IMG-20160313 (5).png,oNGIIh8.png
IMG-20160313-233800.png,ZIFF0ZM.png
IMG-20160313-WA0118.jpg,OZGH9AR.jpg
IMG-20160313-WA0145.jpg,axxZhJV.jpg
IMG-20160313-WA0146.jpg,BtuCqg3.jpg
IMG-20160313-WA0147.jpg,AsXzAZf.jpg
IMG-20160313-WA0148.jpg,emB370s.jpg
IMG-20160313-WA0149.jpg,Ec0Jzv8.jpg
IMG-20160313-WA0151.jpg,RYaD08k.jpg
IMG-20160314-WA0003.jpg,QpWmQyW.jpg
IMG-20160314-WA0004.jpg,JTQVUoc.jpg
IMG-20160314-WA0005.jpg,c3TgtF2.jpg
IMG-20160314-WA0007.jpg,50QhHq7.jpg
IMG-20160315-WA0013.jpg,Soxf4EE.jpg
IMG-20160318-WA0054.jpeg,vJ9GutO.jpg
IMG-20160319-WA0046.jpg,bzAvs0W.jpg
IMG-20160319-WA0047.jpg,7CvDkHK.jpg
IMG-20160320-WA0002.jpg,5bXSPBY.jpg
IMG-20160320-WA0003.jpg,tOUMXLr.jpg
IMG-20160320-WA0004.jpg,JOBEOgV.jpg
IMG-20160321-WA0005.jpg,oQKlBQB.jpg
IMG-20160321-WA0007.jpg,25rUZwi.jpg
IMG-20160321-WA0008.jpg,BEwsCWm.jpg
IMG-20160321-WA0009.jpg,CGZ3wMQ.jpg
IMG-20160322-WA0001.jpg,grpyXbO.jpg
IMG-20160324_085525010.jpg,UlepLfG.jpg
IMG-20160327-WA0072.jpg,GFejgLd.jpg
IMG-20160327-WA0073.jpg,qSMLFEH.jpg
IMG-20160327-WA0074.jpg,UJi5RsF.jpg
IMG-20160329-WA0000.jpg,LVdalth.jpg
IMG-20160329-WA0001.jpg,UNxz5qF.jpg
IMG-20160329-WA0002.jpg,qSm7bxv.jpg
IMG-20160329-WA0003.jpg,TMZw2iC.jpg
IMG-20160330-WA0020.jpg,yFSOGmE.jpg
IMG-20160330-WA0060.jpg,7Go0SHN.jpg
IMG-20160331-WA0033.jpg,DQARG8A.jpg
IMG-20160331-WA0034.jpg,4HNZQQq.jpg
IMG-20160401-080159.png,vXxeSFf.png
IMG-20160401-WA0040.jpg,QiUqASb.jpg
IMG-20160405-WA0003.jpg,oo42BE5.jpg
IMG-20160405-WA0004.jpg,zrPxcKN.jpg
IMG-20160405-WA0035.jpg,hI9ipS4.jpg
IMG-20160406-WA0011.jpg,8p7Nwyf.jpg
IMG-20160406-WA0012.jpg,memNTSw.jpg
IMG-20160406-WA0014.jpg,v5kxkvw.jpg
IMG-20160406-WA0016.jpg,QCnFe5y.jpg
IMG-20160407_091303599_HDR.jpg,7EUPoz0.jpg
IMG-20160410-WA0008.jpg,PPCoetT.jpg
IMG-20160410-WA0012.jpg,Z4kXzk5.jpg
IMG-20160412-WA0018.jpg,OJ04mhW.jpg
IMG-20160418-WA0005.jpg,sbMaYI8.jpg
IMG-20160421-WA0031.jpg,i5IRebM.jpg
IMG-20160422-WA0011.jpg,YDuvT14.jpg
IMG-20160426-WA0001.jpg,F6xjREY.jpg
IMG-20160426-WA0002.jpg,JMzVVPw.jpg
IMG-20160426-WA0003.jpg,J5QnEBC.jpg
IMG-20160426-WA0004.jpg,cR6vKfx.jpg
IMG-20160427-WA0003.jpg,jqQjl0f.jpg
IMG-20160430-WA0003.jpg,FnO128F.jpg
IMG-20160501-WA0000.jpg,TE7kCWM.jpg
IMG-20160501-WA0001.jpg,fl9k2at.jpg
IMG-20160502-WA0000.jpg,bOQPdAA.jpg
IMG-20160502-WA0001.jpg,dOqq4JC.jpg
IMG-20160502-WA0002.jpg,DEz5zNA.jpg
IMG-20160502-WA0003.jpg,1rLf7yY.jpg
IMG-20160502-WA0004.jpg,MGKICAx.jpg
IMG-20160503-WA0000.jpg,HCp6QsC.jpg
IMG-20160504-WA0000.jpg,Fbs2hSq.jpg
IMG-20160504-WA0001.jpg,7CFvkIw.jpg
IMG-20160522-WA0008.jpg,63FIFJq.jpg
P2160149.jpg,BlDRKQW.jpg
reb.jpg,jDkVCwB.jpg
Screenshot_20160327-181154.png,0uRq9Zg.png
Screenshot_20160406-170026.png,VqHM6k1.png
Screenshot_20160418-132651.png,htHnGht.png
Screenshot_20160429-200508.png,d8gIYsy.png
Screenshot_20160509-000148.png,LAVYb11.png
Screenshot_20160518-202836.png,gAO2Ay3.png
thinking-man-stock_000005908297medium11.jpg,x5aprr0.jpg
