Position,Const,Created,Modified,Description,Title,URL,Title Type,IMDb Rating,Runtime (mins),Year,Genres,Num Votes,Release Date,Directors
1,tt0111161,2014-01-20,2014-01-20,,The Shawshank Redemption,https://www.imdb.com/title/tt0111161/,movie,9.3,142,1994,Drama,2044812,1994-09-10,Frank Darabont
2,tt0068646,2014-01-20,2014-01-20,,The Godfather,https://www.imdb.com/title/tt0068646/,movie,9.2,175,1972,"Crime, Drama",1402450,1972-03-14,Francis Ford Coppola
3,tt0071562,2014-01-20,2014-01-20,,The Godfather: Part II,https://www.imdb.com/title/tt0071562/,movie,9.0,202,1974,"Crime, Drama",972278,1974-12-12,Francis Ford Coppola
4,tt0060196,2014-01-20,2014-01-20,,"Il buono, il brutto, il cattivo",https://www.imdb.com/title/tt0060196/,movie,8.9,161,1966,Western,606963,1966-12-23,Sergio Leone
5,tt0110912,2014-01-20,2014-01-20,,Pulp Fiction,https://www.imdb.com/title/tt0110912/,movie,8.9,154,1994,"Crime, Drama",1597747,1994-05-21,Quentin Tarantino
6,tt0108052,2014-01-20,2014-01-20,,Schindler's List,https://www.imdb.com/title/tt0108052/,movie,8.9,195,1993,"Biography, Drama, History",1058050,1993-11-30,Steven Spielberg
7,tt0073486,2014-01-20,2014-01-20,,One Flew Over the Cuckoo's Nest,https://www.imdb.com/title/tt0073486/,movie,8.7,133,1975,Drama,812067,1975-11-19,Milos Forman
8,tt0050083,2014-01-20,2014-01-20,,12 Angry Men,https://www.imdb.com/title/tt0050083/,movie,8.9,96,1957,Drama,575868,1957-04-10,Sidney Lumet
9,tt0468569,2014-01-20,2014-01-20,,The Dark Knight,https://www.imdb.com/title/tt0468569/,movie,9.0,152,2008,"Action, Crime, Drama, Thriller",2012220,2008-07-14,Christopher Nolan
10,tt0080684,2014-01-20,2014-01-20,,Star Wars: Episode V - The Empire Strikes Back,https://www.imdb.com/title/tt0080684/,movie,8.8,124,1980,"Action, Adventure, Fantasy, Sci-Fi",1026831,1980-05-17,Irvin Kershner
11,tt0167260,2014-01-20,2014-01-20,,The Lord of the Rings: The Return of the King,https://www.imdb.com/title/tt0167260/,movie,8.9,201,2003,"Adventure, Drama, Fantasy",1456289,2003-12-01,Peter Jackson
12,tt0076759,2014-01-20,2014-01-20,,Star Wars,https://www.imdb.com/title/tt0076759/,movie,8.6,121,1977,"Action, Adventure, Fantasy, Sci-Fi",1096724,1977-05-25,George Lucas
13,tt0034583,2014-01-20,2014-01-20,,Casablanca,https://www.imdb.com/title/tt0034583/,movie,8.5,102,1942,"Drama, Romance, War",465780,1942-11-26,Michael Curtiz
14,tt0099685,2014-01-20,2014-01-20,,Goodfellas,https://www.imdb.com/title/tt0099685/,movie,8.7,146,1990,"Crime, Drama",882293,1990-09-09,Martin Scorsese
15,tt0047478,2014-01-20,2014-01-20,,Shichinin no samurai,https://www.imdb.com/title/tt0047478/,movie,8.7,207,1954,"Adventure, Drama",276632,1954-04-26,Akira Kurosawa
16,tt0317248,2014-01-20,2014-01-20,,Cidade de Deus,https://www.imdb.com/title/tt0317248/,movie,8.6,130,2002,"Crime, Drama",630860,2002-05-18,"Kátia Lund, Fernando Meirelles"
17,tt0137523,2014-01-20,2014-01-20,,Fight Club,https://www.imdb.com/title/tt0137523/,movie,8.8,139,1999,Drama,1636739,1999-09-10,David Fincher
18,tt0082971,2014-01-20,2014-01-20,,Raiders of the Lost Ark,https://www.imdb.com/title/tt0082971/,movie,8.5,115,1981,"Action, Adventure",792633,1981-06-12,Steven Spielberg
19,tt0047396,2014-01-20,2014-01-20,,Rear Window,https://www.imdb.com/title/tt0047396/,movie,8.5,112,1954,"Mystery, Thriller",388897,1954-08-04,Alfred Hitchcock
20,tt0120737,2014-01-20,2014-01-20,,The Lord of the Rings: The Fellowship of the Ring,https://www.imdb.com/title/tt0120737/,movie,8.8,178,2001,"Adventure, Drama, Fantasy",1472906,2001-12-10,Peter Jackson
21,tt0114814,2014-01-20,2014-01-20,,The Usual Suspects,https://www.imdb.com/title/tt0114814/,movie,8.6,106,1995,"Crime, Mystery, Thriller",886785,1995-01-25,Bryan Singer
22,tt0054215,2014-01-20,2014-01-20,,Psycho,https://www.imdb.com/title/tt0054215/,movie,8.5,109,1960,"Horror, Mystery, Thriller",522980,1960-06-16,Alfred Hitchcock
23,tt0064116,2014-01-20,2014-01-20,,C'era una volta il West,https://www.imdb.com/title/tt0064116/,movie,8.5,165,1968,Western,264984,1968-12-20,Sergio Leone
24,tt0102926,2014-01-20,2014-01-20,,The Silence of the Lambs,https://www.imdb.com/title/tt0102926/,movie,8.6,118,1991,"Crime, Drama, Thriller",1100799,1991-01-30,Jonathan Demme
25,tt0133093,2014-01-20,2014-01-20,,The Matrix,https://www.imdb.com/title/tt0133093/,movie,8.7,136,1999,"Action, Sci-Fi",1468235,1999-03-24,"Lilly Wachowski, Lana Wachowski"
26,tt0499549,2014-01-20,2014-01-20,,Avatar,https://www.imdb.com/title/tt0499549/,movie,7.8,162,2009,"Action, Adventure, Fantasy, Sci-Fi",1021440,2009-12-10,James Cameron
27,tt0209144,2014-01-20,2014-01-20,,Memento,https://www.imdb.com/title/tt0209144/,movie,8.5,113,2000,"Mystery, Thriller",1010976,2000-09-05,Christopher Nolan
28,tt0114369,2014-01-20,2014-01-20,,Se7en,https://www.imdb.com/title/tt0114369/,movie,8.6,127,1995,"Crime, Drama, Mystery, Thriller",1252471,1995-09-15,David Fincher
29,tt0038650,2014-01-20,2014-01-20,,It's a Wonderful Life,https://www.imdb.com/title/tt0038650/,movie,8.6,130,1946,"Drama, Family, Fantasy",348229,1946-12-20,Frank Capra
30,tt0167261,2014-01-20,2014-01-20,,The Lord of the Rings: The Two Towers,https://www.imdb.com/title/tt0167261/,movie,8.7,179,2002,"Adventure, Drama, Fantasy",1316744,2002-12-05,Peter Jackson
31,tt0057012,2014-01-20,2014-01-20,,Dr. Strangelove or: How I Learned to Stop Worrying and Love the Bomb,https://www.imdb.com/title/tt0057012/,movie,8.4,95,1964,Comedy,406796,1964-01-29,Stanley Kubrick
32,tt0043014,2014-01-20,2014-01-20,,Sunset Blvd.,https://www.imdb.com/title/tt0043014/,movie,8.4,110,1950,"Drama, Film-Noir",174461,1950-08-10,Billy Wilder
33,tt0053125,2014-01-20,2014-01-20,,North by Northwest,https://www.imdb.com/title/tt0053125/,movie,8.3,136,1959,"Adventure, Mystery, Thriller",265719,1959-07-01,Alfred Hitchcock
34,tt0033467,2014-01-20,2014-01-20,,Citizen Kane,https://www.imdb.com/title/tt0033467/,movie,8.3,119,1941,"Drama, Mystery",356188,1941-05-01,Orson Welles
35,tt0110413,2014-01-20,2014-01-20,,Léon,https://www.imdb.com/title/tt0110413/,movie,8.6,110,1994,"Crime, Drama, Thriller",899530,1994-09-14,Luc Besson
36,tt0078788,2014-01-20,2014-01-20,,Apocalypse Now,https://www.imdb.com/title/tt0078788/,movie,8.5,147,1979,"Drama, War",535853,1979-05-19,Francis Ford Coppola
37,tt0169547,2014-01-20,2014-01-20,,American Beauty,https://www.imdb.com/title/tt0169547/,movie,8.4,122,1999,Drama,971915,1999-09-08,Sam Mendes
38,tt0120586,2014-01-20,2014-01-20,,American History X,https://www.imdb.com/title/tt0120586/,movie,8.5,119,1998,Drama,931213,1998-10-30,Tony Kaye
39,tt0109830,2014-01-20,2014-01-20,,Forrest Gump,https://www.imdb.com/title/tt0109830/,movie,8.8,142,1994,"Drama, Romance",1563453,1994-06-23,Robert Zemeckis
40,tt0075314,2014-01-20,2014-01-20,,Taxi Driver,https://www.imdb.com/title/tt0075314/,movie,8.3,114,1976,"Crime, Drama",621031,1976-02-07,Martin Scorsese
41,tt0052357,2014-01-20,2014-01-20,,Vertigo,https://www.imdb.com/title/tt0052357/,movie,8.3,128,1958,"Mystery, Romance, Thriller",312247,1958-05-09,Alfred Hitchcock
42,tt0056172,2014-01-20,2014-01-20,,Lawrence of Arabia,https://www.imdb.com/title/tt0056172/,movie,8.3,216,1962,"Adventure, Biography, Drama, History, War",236382,1962-12-10,David Lean
43,tt0910970,2014-01-20,2014-01-20,,WALL·E,https://www.imdb.com/title/tt0910970/,movie,8.4,98,2008,"Animation, Adventure, Family, Sci-Fi",883586,2008-06-21,Andrew Stanton
44,tt0211915,2014-01-20,2014-01-20,,Le fabuleux destin d'Amélie Poulain,https://www.imdb.com/title/tt0211915/,movie,8.3,122,2001,"Comedy, Romance",639333,2001-04-25,Jean-Pierre Jeunet
45,tt0103064,2014-01-20,2014-01-20,,Terminator 2: Judgment Day,https://www.imdb.com/title/tt0103064/,movie,8.5,137,1991,"Action, Sci-Fi",886452,1991-07-01,James Cameron
46,tt0078748,2014-01-20,2014-01-20,,Alien,https://www.imdb.com/title/tt0078748/,movie,8.5,116,1979,"Horror, Sci-Fi",696338,1979-05-25,Ridley Scott
47,tt0120815,2014-01-20,2014-01-20,,Saving Private Ryan,https://www.imdb.com/title/tt0120815/,movie,8.6,169,1998,"Drama, War",1080162,1998-07-21,Steven Spielberg
48,tt0066921,2014-01-20,2014-01-20,,A Clockwork Orange,https://www.imdb.com/title/tt0066921/,movie,8.3,136,1971,"Crime, Drama, Sci-Fi",673099,1971-12-19,Stanley Kubrick
49,tt0081505,2014-01-20,2014-01-20,,The Shining,https://www.imdb.com/title/tt0081505/,movie,8.4,146,1980,"Drama, Horror",759600,1980-05-23,Stanley Kubrick
50,tt0050825,2014-01-20,2014-01-20,,Paths of Glory,https://www.imdb.com/title/tt0050825/,movie,8.4,88,1957,"Drama, War",151956,1957-11-01,Stanley Kubrick
51,tt0407887,2014-01-20,2014-01-20,,The Departed,https://www.imdb.com/title/tt0407887/,movie,8.5,151,2006,"Crime, Drama, Thriller",1050811,2006-09-26,Martin Scorsese
52,tt0056592,2014-01-20,2014-01-20,,To Kill a Mockingbird,https://www.imdb.com/title/tt0056592/,movie,8.3,129,1962,"Crime, Drama",265906,1962-12-25,Robert Mulligan
53,tt0253474,2014-01-20,2014-01-20,,The Pianist,https://www.imdb.com/title/tt0253474/,movie,8.5,150,2002,"Biography, Drama, Music, War",623644,2002-05-24,Roman Polanski
54,tt0090605,2014-01-20,2014-01-20,,Aliens,https://www.imdb.com/title/tt0090605/,movie,8.4,137,1986,"Action, Adventure, Sci-Fi, Thriller",588032,1986-07-14,James Cameron
55,tt0245429,2014-01-20,2014-01-20,,Sen to Chihiro no kamikakushi,https://www.imdb.com/title/tt0245429/,movie,8.6,125,2001,"Animation, Adventure, Family, Fantasy, Mystery",540142,2001-07-20,"Hayao Miyazaki, Kirk Wise"
56,tt0405094,2014-01-20,2014-01-20,,Das Leben der Anderen,https://www.imdb.com/title/tt0405094/,movie,8.4,137,2006,"Drama, Thriller",315332,2006-03-15,Florian Henckel von Donnersmarck
57,tt0022100,2014-01-20,2014-01-20,,M - Eine Stadt sucht einen Mörder,https://www.imdb.com/title/tt0022100/,movie,8.3,117,1931,"Crime, Mystery, Thriller",124191,1931-05-11,Fritz Lang
58,tt0036775,2014-01-20,2014-01-20,,Double Indemnity,https://www.imdb.com/title/tt0036775/,movie,8.3,107,1944,"Crime, Drama, Film-Noir, Mystery, Thriller",124086,1944-07-03,Billy Wilder
59,tt0338013,2014-01-20,2014-01-20,,Eternal Sunshine of the Spotless Mind,https://www.imdb.com/title/tt0338013/,movie,8.3,108,2004,"Drama, Romance, Sci-Fi",806373,2004-03-09,Michel Gondry
60,tt0071315,2014-01-20,2014-01-20,,Chinatown,https://www.imdb.com/title/tt0071315/,movie,8.2,130,1974,"Drama, Mystery, Thriller",260693,1974-06-20,Roman Polanski
61,tt0180093,2014-01-20,2014-01-20,,Requiem for a Dream,https://www.imdb.com/title/tt0180093/,movie,8.3,102,2000,Drama,686010,2000-05-14,Darren Aronofsky
62,tt0041959,2014-01-20,2014-01-20,,The Third Man,https://www.imdb.com/title/tt0041959/,movie,8.2,104,1949,"Film-Noir, Mystery, Thriller",140587,1949-09-01,Carol Reed
63,tt0119488,2014-01-20,2014-01-20,,L.A. Confidential,https://www.imdb.com/title/tt0119488/,movie,8.3,138,1997,"Crime, Drama, Mystery, Thriller",484631,1997-05-14,Curtis Hanson
64,tt0105236,2014-01-20,2014-01-20,,Reservoir Dogs,https://www.imdb.com/title/tt0105236/,movie,8.3,99,1992,"Crime, Drama, Thriller",803269,1992-01-21,Quentin Tarantino
65,tt0040897,2014-01-20,2014-01-20,,The Treasure of the Sierra Madre,https://www.imdb.com/title/tt0040897/,movie,8.2,126,1948,"Adventure, Drama, Western",99618,1948-01-15,John Huston
66,tt0082096,2014-01-20,2014-01-20,,Das Boot,https://www.imdb.com/title/tt0082096/,movie,8.4,149,1981,"Adventure, Drama, Thriller, War",204435,1981-09-17,Wolfgang Petersen
67,tt0071853,2014-01-20,2014-01-20,,Monty Python and the Holy Grail,https://www.imdb.com/title/tt0071853/,movie,8.3,91,1975,"Adventure, Comedy, Fantasy",451650,1975-03-14,"Terry Jones, Terry Gilliam"
68,tt0361748,2014-01-20,2014-01-20,,Inglourious Basterds,https://www.imdb.com/title/tt0361748/,movie,8.3,153,2009,"Adventure, Drama, War",1090774,2009-05-20,"Quentin Tarantino, Eli Roth"
69,tt0457430,2014-01-20,2014-01-20,,El laberinto del fauno,https://www.imdb.com/title/tt0457430/,movie,8.2,118,2006,"Drama, Fantasy, War",560969,2006-05-27,Guillermo del Toro
70,tt1049413,2014-01-20,2014-01-20,,Up,https://www.imdb.com/title/tt1049413/,movie,8.3,96,2009,"Animation, Adventure, Comedy, Family",823575,2009-05-13,"Pete Docter, Bob Peterson"
71,tt0021749,2014-01-20,2014-01-20,,City Lights,https://www.imdb.com/title/tt0021749/,movie,8.5,87,1931,"Comedy, Drama, Romance",142139,1931-01-30,Charles Chaplin
72,tt0050212,2014-01-20,2014-01-20,,The Bridge on the River Kwai,https://www.imdb.com/title/tt0050212/,movie,8.2,161,1957,"Adventure, Drama, War",182835,1957-10-02,David Lean
73,tt0081398,2014-01-20,2014-01-20,,Raging Bull,https://www.imdb.com/title/tt0081398/,movie,8.2,129,1980,"Biography, Drama, Sport",281818,1980-11-13,Martin Scorsese
74,tt0482571,2014-01-20,2014-01-20,,The Prestige,https://www.imdb.com/title/tt0482571/,movie,8.5,130,2006,"Drama, Mystery, Sci-Fi, Thriller",1039644,2006-10-17,Christopher Nolan
75,tt0045152,2014-01-20,2014-01-20,,Singin' in the Rain,https://www.imdb.com/title/tt0045152/,movie,8.3,103,1952,"Comedy, Musical, Romance",191292,1952-03-27,"Gene Kelly, Stanley Donen"
76,tt0062622,2014-01-20,2014-01-20,,2001: A Space Odyssey,https://www.imdb.com/title/tt0062622/,movie,8.3,149,1968,"Adventure, Sci-Fi",528599,1968-04-02,Stanley Kubrick
77,tt1010048,2014-01-20,2014-01-20,,Slumdog Millionaire,https://www.imdb.com/title/tt1010048/,movie,8.0,120,2008,"Drama, Romance",734728,2008-08-30,"Loveleen Tandan, Danny Boyle"
78,tt0118799,2014-01-20,2014-01-20,,La vita è bella,https://www.imdb.com/title/tt0118799/,movie,8.6,116,1997,"Comedy, Drama, Romance, War",536657,1997-12-20,Roberto Benigni
79,tt0053291,2014-01-20,2014-01-20,,Some Like It Hot,https://www.imdb.com/title/tt0053291/,movie,8.2,121,1959,"Comedy, Romance",215036,1959-03-19,Billy Wilder
80,tt0088763,2014-01-20,2014-01-20,,Back to the Future,https://www.imdb.com/title/tt0088763/,movie,8.5,116,1985,"Adventure, Comedy, Sci-Fi",909133,1985-07-03,Robert Zemeckis
81,tt0363163,2014-01-20,2014-01-20,,Der Untergang,https://www.imdb.com/title/tt0363163/,movie,8.2,156,2004,"Biography, Drama, History, War",298415,2004-09-08,Oliver Hirschbiegel
82,tt0033870,2014-01-20,2014-01-20,,The Maltese Falcon,https://www.imdb.com/title/tt0033870/,movie,8.1,100,1941,"Film-Noir, Mystery",137971,1941-10-03,John Huston
83,tt0027977,2014-01-20,2014-01-20,,Modern Times,https://www.imdb.com/title/tt0027977/,movie,8.5,87,1936,"Comedy, Drama, Family, Romance",184557,1936-02-05,Charles Chaplin
84,tt1205489,2014-01-20,2014-01-20,,Gran Torino,https://www.imdb.com/title/tt1205489/,movie,8.1,116,2008,Drama,658615,2008-12-09,Clint Eastwood
85,tt0086879,2014-01-20,2014-01-20,,Amadeus,https://www.imdb.com/title/tt0086879/,movie,8.3,160,1984,"Biography, Drama, History, Music",329256,1984-09-06,Milos Forman
86,tt0042876,2014-01-20,2014-01-20,,Rashômon,https://www.imdb.com/title/tt0042876/,movie,8.3,88,1950,"Crime, Drama, Mystery",130495,1950-08-26,Akira Kurosawa
87,tt0093058,2014-01-20,2014-01-20,,Full Metal Jacket,https://www.imdb.com/title/tt0093058/,movie,8.3,116,1987,"Drama, War",594607,1987-06-17,Stanley Kubrick
88,tt0095765,2014-01-20,2014-01-20,,Nuovo Cinema Paradiso,https://www.imdb.com/title/tt0095765/,movie,8.5,155,1988,Drama,195452,1988-09-29,Giuseppe Tornatore
89,tt0042192,2014-01-20,2014-01-20,,All About Eve,https://www.imdb.com/title/tt0042192/,movie,8.3,138,1950,Drama,105086,1950-10-13,Joseph L. Mankiewicz
90,tt0087843,2014-01-20,2014-01-20,,Once Upon a Time in America,https://www.imdb.com/title/tt0087843/,movie,8.4,229,1984,"Crime, Drama",270264,1984-05-20,Sergio Leone
91,tt0112573,2014-01-20,2014-01-20,,Braveheart,https://www.imdb.com/title/tt0112573/,movie,8.4,178,1995,"Biography, Drama, History, War",875528,1995-05-18,Mel Gibson
92,tt0080678,2014-01-20,2014-01-20,,The Elephant Man,https://www.imdb.com/title/tt0080678/,movie,8.2,124,1980,"Biography, Drama",196777,1980-10-02,David Lynch
93,tt0401792,2014-01-20,2014-01-20,,Sin City,https://www.imdb.com/title/tt0401792/,movie,8.0,124,2005,"Crime, Thriller",709497,2005-03-28,"Frank Miller, Quentin Tarantino, Robert Rodriguez"
94,tt0017136,2014-01-20,2014-01-20,,Metropolis,https://www.imdb.com/title/tt0017136/,movie,8.3,153,1927,"Drama, Sci-Fi",139684,1927-01-10,Fritz Lang
95,tt0032976,2014-01-20,2014-01-20,,Rebecca,https://www.imdb.com/title/tt0032976/,movie,8.1,130,1940,"Drama, Mystery, Romance, Thriller",108733,1940-03-21,Alfred Hitchcock
96,tt0120689,2014-01-20,2014-01-20,,The Green Mile,https://www.imdb.com/title/tt0120689/,movie,8.5,189,1999,"Crime, Drama, Fantasy, Mystery",983766,1999-12-06,Frank Darabont
97,tt0032553,2014-01-20,2014-01-20,,The Great Dictator,https://www.imdb.com/title/tt0032553/,movie,8.5,125,1940,"Comedy, Drama, War",175465,1940-10-15,Charles Chaplin
98,tt0053604,2014-01-20,2014-01-20,,The Apartment,https://www.imdb.com/title/tt0053604/,movie,8.3,125,1960,"Comedy, Drama, Romance",139629,1960-06-15,Billy Wilder
99,tt0070735,2014-01-20,2014-01-20,,The Sting,https://www.imdb.com/title/tt0070735/,movie,8.3,129,1973,"Comedy, Crime, Drama",214559,1973-12-25,George Roy Hill
100,tt1136608,2014-01-20,2014-01-20,,District 9,https://www.imdb.com/title/tt1136608/,movie,7.9,112,2009,"Sci-Fi, Thriller",595972,2009-08-13,Neill Blomkamp
101,tt0057115,2014-01-20,2014-01-20,,The Great Escape,https://www.imdb.com/title/tt0057115/,movie,8.2,172,1963,"Adventure, Drama, History, Thriller, War",201286,1963-06-20,John Sturges
102,tt0097576,2014-01-20,2014-01-20,,Indiana Jones and the Last Crusade,https://www.imdb.com/title/tt0097576/,movie,8.2,127,1989,"Action, Adventure, Fantasy",619415,1989-05-24,Steven Spielberg
103,tt0372784,2014-01-20,2014-01-20,,Batman Begins,https://www.imdb.com/title/tt0372784/,movie,8.3,140,2005,"Action, Adventure, Thriller",1167354,2005-05-31,Christopher Nolan
104,tt0086190,2014-01-20,2014-01-20,,Star Wars: Episode VI - Return of the Jedi,https://www.imdb.com/title/tt0086190/,movie,8.3,131,1983,"Action, Adventure, Fantasy, Sci-Fi",842022,1983-05-25,Richard Marquand
105,tt0172495,2014-01-20,2014-01-20,,Gladiator,https://www.imdb.com/title/tt0172495/,movie,8.5,155,2000,"Action, Adventure, Drama",1182779,2000-05-01,Ridley Scott
106,tt0073195,2014-01-20,2014-01-20,,Jaws,https://www.imdb.com/title/tt0073195/,movie,8.0,124,1975,"Adventure, Drama, Thriller",499337,1975-06-20,Steven Spielberg
107,tt0040522,2014-01-20,2014-01-20,,Ladri di biciclette,https://www.imdb.com/title/tt0040522/,movie,8.3,89,1948,Drama,123023,1948-11-24,Vittorio De Sica
108,tt0105695,2014-01-20,2014-01-20,,Unforgiven,https://www.imdb.com/title/tt0105695/,movie,8.2,130,1992,"Drama, Western",333653,1992-08-03,Clint Eastwood
109,tt0083658,2014-01-20,2014-01-20,,Blade Runner,https://www.imdb.com/title/tt0083658/,movie,8.2,117,1982,"Sci-Fi, Thriller",613993,1982-06-25,Ridley Scott
110,tt0395169,2014-01-20,2014-01-20,,Hotel Rwanda,https://www.imdb.com/title/tt0395169/,movie,8.1,121,2004,"Biography, Drama, History, War",308590,2004-09-11,Terry George
111,tt0477348,2014-01-20,2014-01-20,,No Country for Old Men,https://www.imdb.com/title/tt0477348/,movie,8.1,122,2007,"Crime, Drama, Thriller",749504,2007-05-19,"Joel Coen, Ethan Coen"
112,tt0031679,2014-01-20,2014-01-20,,Mr. Smith Goes to Washington,https://www.imdb.com/title/tt0031679/,movie,8.2,129,1939,"Comedy, Drama",96479,1939-10-17,Frank Capra
113,tt0047296,2014-01-20,2014-01-20,,On the Waterfront,https://www.imdb.com/title/tt0047296/,movie,8.2,108,1954,"Crime, Drama, Thriller",126181,1954-06-22,Elia Kazan
114,tt0095016,2014-01-20,2014-01-20,,Die Hard,https://www.imdb.com/title/tt0095016/,movie,8.2,132,1988,"Action, Thriller",706811,1988-07-12,John McTiernan
115,tt0052311,2014-01-20,2014-01-20,,Touch of Evil,https://www.imdb.com/title/tt0052311/,movie,8.0,95,1958,"Crime, Drama, Film-Noir, Thriller",91572,1958-02-28,Orson Welles
116,tt0364569,2014-01-20,2014-01-20,,Oldeuboi,https://www.imdb.com/title/tt0364569/,movie,8.4,120,2003,"Action, Drama, Mystery, Thriller",446796,2003-11-21,Chan-wook Park
117,tt0050976,2014-01-20,2014-01-20,,Det sjunde inseglet,https://www.imdb.com/title/tt0050976/,movie,8.2,96,1957,"Drama, Fantasy",140164,1957-02-16,Ingmar Bergman
118,tt0116282,2014-01-20,2014-01-20,,Fargo,https://www.imdb.com/title/tt0116282/,movie,8.1,98,1996,"Crime, Drama, Thriller",550287,1996-03-08,"Joel Coen, Ethan Coen"
119,tt0032138,2014-01-20,2014-01-20,,The Wizard of Oz,https://www.imdb.com/title/tt0032138/,movie,8.0,102,1939,"Adventure, Family, Fantasy, Musical",345590,1939-08-11,"Mervyn LeRoy, George Cukor, King Vidor, Norman Taurog, Victor Fleming"
120,tt0119698,2014-01-20,2014-01-20,,Mononoke-hime,https://www.imdb.com/title/tt0119698/,movie,8.4,134,1997,"Animation, Adventure, Fantasy",285923,1997-07-12,Hayao Miyazaki
121,tt0044079,2014-01-20,2014-01-20,,Strangers on a Train,https://www.imdb.com/title/tt0044079/,movie,8.0,101,1951,"Crime, Film-Noir, Thriller",112197,1951-06-30,Alfred Hitchcock
122,tt0059578,2014-01-20,2014-01-20,,Per qualche dollaro in più,https://www.imdb.com/title/tt0059578/,movie,8.3,132,1965,Western,199959,1965-12-18,Sergio Leone
123,tt0113277,2014-01-20,2014-01-20,,Heat,https://www.imdb.com/title/tt0113277/,movie,8.2,170,1995,"Crime, Drama, Thriller",513926,1995-12-06,Michael Mann
124,tt0246578,2014-01-20,2014-01-20,,Donnie Darko,https://www.imdb.com/title/tt0246578/,movie,8.1,113,2001,"Drama, Sci-Fi, Thriller",686136,2001-01-19,Richard Kelly
125,tt0061512,2014-01-20,2014-01-20,,Cool Hand Luke,https://www.imdb.com/title/tt0061512/,movie,8.1,126,1967,"Crime, Drama",145281,1967-11-01,Stuart Rosenberg
126,tt1125849,2014-01-20,2014-01-20,,The Wrestler,https://www.imdb.com/title/tt1125849/,movie,7.9,109,2008,"Drama, Sport",274751,2008-09-05,Darren Aronofsky
127,tt0044706,2014-01-20,2014-01-20,,High Noon,https://www.imdb.com/title/tt0044706/,movie,8.0,85,1952,"Action, Drama, Thriller, Western",89138,1952-05-01,Fred Zinnemann
128,tt0469494,2014-01-20,2014-01-20,,There Will Be Blood,https://www.imdb.com/title/tt0469494/,movie,8.2,158,2007,Drama,454041,2007-09-27,Paul Thomas Anderson
129,tt0056218,2014-01-20,2014-01-20,,The Manchurian Candidate,https://www.imdb.com/title/tt0056218/,movie,8.0,126,1962,"Drama, Thriller",66909,1962-10-24,John Frankenheimer
130,tt0038787,2014-01-20,2014-01-20,,Notorious,https://www.imdb.com/title/tt0038787/,movie,8.0,102,1946,"Drama, Film-Noir, Romance, Thriller",83733,1946-08-15,Alfred Hitchcock
131,tt0167404,2014-01-20,2014-01-20,,The Sixth Sense,https://www.imdb.com/title/tt0167404/,movie,8.1,107,1999,"Drama, Mystery, Thriller",828695,1999-08-02,M. Night Shyamalan
132,tt0075686,2014-01-20,2014-01-20,,Annie Hall,https://www.imdb.com/title/tt0075686/,movie,8.0,93,1977,"Comedy, Romance",233182,1977-03-27,Woody Allen
133,tt0077416,2014-01-20,2014-01-20,,The Deer Hunter,https://www.imdb.com/title/tt0077416/,movie,8.1,183,1978,"Drama, War",279281,1978-12-08,Michael Cimino
134,tt0266697,2014-01-20,2014-01-20,,Kill Bill: Vol. 1,https://www.imdb.com/title/tt0266697/,movie,8.1,111,2003,"Action, Crime, Thriller",884431,2003-09-29,Quentin Tarantino
135,tt0091763,2014-01-20,2014-01-20,,Platoon,https://www.imdb.com/title/tt0091763/,movie,8.1,120,1986,"Drama, War",345231,1986-12-19,Oliver Stone
136,tt0038355,2014-01-20,2014-01-20,,The Big Sleep,https://www.imdb.com/title/tt0038355/,movie,8.0,114,1946,"Crime, Film-Noir, Mystery, Thriller",72486,1946-08-22,Howard Hawks
137,tt0017925,2014-01-20,2014-01-20,,The General,https://www.imdb.com/title/tt0017925/,movie,8.2,67,1926,"Action, Adventure, Comedy, Drama, War, Western",70175,1926-12-31,"Buster Keaton, Clyde Bruckman"
138,tt0208092,2014-01-20,2014-01-20,,Snatch,https://www.imdb.com/title/tt0208092/,movie,8.3,104,2000,"Comedy, Crime",705110,2000-08-23,Guy Ritchie
139,tt0052618,2014-01-20,2014-01-20,,Ben-Hur,https://www.imdb.com/title/tt0052618/,movie,8.1,212,1959,"Adventure, Drama, History",197671,1959-11-18,William Wyler
140,tt0758758,2014-01-20,2014-01-20,,Into the Wild,https://www.imdb.com/title/tt0758758/,movie,8.1,148,2007,"Adventure, Biography, Drama",515309,2007-09-01,Sean Penn
141,tt0405159,2014-01-20,2014-01-20,,Million Dollar Baby,https://www.imdb.com/title/tt0405159/,movie,8.1,132,2004,"Drama, Sport",575914,2004-12-05,Clint Eastwood
142,tt0118715,2014-01-20,2014-01-20,,The Big Lebowski,https://www.imdb.com/title/tt0118715/,movie,8.1,117,1998,"Comedy, Crime",648224,1998-02-15,"Joel Coen, Ethan Coen"
143,tt0055630,2014-01-20,2014-01-20,,Yôjinbô,https://www.imdb.com/title/tt0055630/,movie,8.3,110,1961,"Action, Drama, Thriller",94473,1961-04-25,Akira Kurosawa
144,tt0796366,2014-01-20,2014-01-20,,Star Trek,https://www.imdb.com/title/tt0796366/,movie,8.0,127,2009,"Action, Adventure, Sci-Fi",551685,2009-04-06,J.J. Abrams
145,tt0089881,2014-01-20,2014-01-20,,Ran,https://www.imdb.com/title/tt0089881/,movie,8.2,162,1985,"Action, Drama",97586,1985-05-25,Akira Kurosawa
146,tt0025316,2014-01-20,2014-01-20,,It Happened One Night,https://www.imdb.com/title/tt0025316/,movie,8.1,105,1934,"Comedy, Romance",83001,1934-02-22,Frank Capra
147,tt0440963,2014-01-20,2014-01-20,,The Bourne Ultimatum,https://www.imdb.com/title/tt0440963/,movie,8.0,115,2007,"Action, Mystery, Thriller",574341,2007-07-25,Paul Greengrass
148,tt0079470,2014-01-20,2014-01-20,,Life of Brian,https://www.imdb.com/title/tt0079470/,movie,8.1,94,1979,Comedy,327374,1979-08-17,Terry Jones
149,tt0064115,2014-01-20,2014-01-20,,Butch Cassidy and the Sundance Kid,https://www.imdb.com/title/tt0064115/,movie,8.1,110,1969,"Biography, Crime, Drama, Western",183683,1969-09-23,George Roy Hill
150,tt0110357,2014-01-20,2014-01-20,,The Lion King,https://www.imdb.com/title/tt0110357/,movie,8.5,88,1994,"Animation, Adventure, Drama, Family, Musical",810576,1994-05-07,"Rob Minkoff, Roger Allers"
151,tt0266543,2014-01-20,2014-01-20,,Finding Nemo,https://www.imdb.com/title/tt0266543/,movie,8.1,100,2003,"Animation, Adventure, Comedy, Family",847673,2003-05-30,"Andrew Stanton, Lee Unkrich"
152,tt0050986,2014-01-20,2014-01-20,,Smultronstället,https://www.imdb.com/title/tt0050986/,movie,8.2,91,1957,"Drama, Romance",82205,1957-12-26,Ingmar Bergman
153,tt0051201,2014-01-20,2014-01-20,,Witness for the Prosecution,https://www.imdb.com/title/tt0051201/,movie,8.4,116,1957,"Crime, Drama, Mystery, Thriller",88541,1957-12-17,Billy Wilder
154,tt0061722,2014-01-20,2014-01-20,,The Graduate,https://www.imdb.com/title/tt0061722/,movie,8.0,106,1967,"Comedy, Drama, Romance",234379,1967-12-21,Mike Nichols
155,tt0117951,2014-01-20,2014-01-20,,Trainspotting,https://www.imdb.com/title/tt0117951/,movie,8.2,93,1996,Drama,578998,1996-02-23,Danny Boyle
156,tt0092005,2014-01-20,2014-01-20,,Stand by Me,https://www.imdb.com/title/tt0092005/,movie,8.1,89,1986,"Adventure, Drama",327318,1986-10-27,Rob Reiner
157,tt0031381,2014-01-20,2014-01-20,,Gone with the Wind,https://www.imdb.com/title/tt0031381/,movie,8.2,238,1939,"Drama, History, Romance, War",259158,1939-12-15,"Sam Wood, George Cukor, Victor Fleming"
158,tt0114709,2014-01-20,2014-01-20,,Toy Story,https://www.imdb.com/title/tt0114709/,movie,8.3,81,1995,"Animation, Adventure, Comedy, Family, Fantasy",771052,1995-11-19,John Lasseter
159,tt0088247,2014-01-20,2014-01-20,,The Terminator,https://www.imdb.com/title/tt0088247/,movie,8.0,107,1984,"Action, Sci-Fi",713721,1984-10-26,James Cameron
160,tt0382932,2014-01-20,2014-01-20,,Ratatouille,https://www.imdb.com/title/tt0382932/,movie,8.0,111,2007,"Animation, Adventure, Comedy, Drama, Family, Fantasy",563272,2007-06-22,"Brad Bird, Jan Pinkava"
161,tt0107048,2014-01-20,2014-01-20,,Groundhog Day,https://www.imdb.com/title/tt0107048/,movie,8.0,101,1993,"Comedy, Fantasy, Romance",530358,1993-02-04,Harold Ramis
162,tt0086250,2014-01-20,2014-01-20,,Scarface,https://www.imdb.com/title/tt0086250/,movie,8.3,170,1983,"Crime, Drama",649226,1983-12-01,Brian De Palma
163,tt0245712,2014-01-20,2014-01-20,,Amores perros,https://www.imdb.com/title/tt0245712/,movie,8.1,154,2000,"Drama, Thriller",203934,2000-05-14,Alejandro G. Iñárritu
164,tt0084787,2014-01-20,2014-01-20,,The Thing,https://www.imdb.com/title/tt0084787/,movie,8.1,109,1982,"Horror, Mystery, Sci-Fi",323127,1982-06-25,John Carpenter
165,tt0056801,2014-01-20,2014-01-20,,8½,https://www.imdb.com/title/tt0056801/,movie,8.1,138,1963,Drama,97713,1963-02-13,Federico Fellini
166,tt0083987,2014-01-20,2014-01-20,,Gandhi,https://www.imdb.com/title/tt0083987/,movie,8.1,191,1982,"Biography, Drama, History",204014,1982-11-30,Richard Attenborough
167,tt0072890,2014-01-20,2014-01-20,,Dog Day Afternoon,https://www.imdb.com/title/tt0072890/,movie,8.0,125,1975,"Biography, Crime, Drama, Thriller",214816,1975-09-20,Sidney Lumet
168,tt0434409,2014-01-20,2014-01-20,,V for Vendetta,https://www.imdb.com/title/tt0434409/,movie,8.2,132,2005,"Action, Drama, Sci-Fi, Thriller",935877,2005-12-11,James McTeigue
169,tt0032551,2014-01-20,2014-01-20,,The Grapes of Wrath,https://www.imdb.com/title/tt0032551/,movie,8.1,129,1940,"Drama, History",79385,1940-01-24,John Ford
170,tt0015864,2014-01-20,2014-01-20,,The Gold Rush,https://www.imdb.com/title/tt0015864/,movie,8.2,95,1925,"Adventure, Comedy, Drama, Family",87524,1925-06-26,Charles Chaplin
171,tt0114746,2014-01-20,2014-01-20,,Twelve Monkeys,https://www.imdb.com/title/tt0114746/,movie,8.0,129,1995,"Mystery, Sci-Fi, Thriller",533057,1995-12-08,Terry Gilliam
172,tt0048424,2014-01-20,2014-01-20,,The Night of the Hunter,https://www.imdb.com/title/tt0048424/,movie,8.0,92,1955,"Crime, Drama, Film-Noir, Thriller",74021,1955-07-26,Charles Laughton
173,tt0046911,2014-01-20,2014-01-20,,Les diaboliques,https://www.imdb.com/title/tt0046911/,movie,8.1,117,1955,"Crime, Drama, Horror, Mystery, Thriller",55276,1955-01-29,Henri-Georges Clouzot
174,tt0120735,2014-01-20,2014-01-20,,"Lock, Stock and Two Smoking Barrels",https://www.imdb.com/title/tt0120735/,movie,8.2,107,1998,"Comedy, Crime",485149,1998-08-23,Guy Ritchie
175,tt0093779,2014-01-20,2014-01-20,,The Princess Bride,https://www.imdb.com/title/tt0093779/,movie,8.1,98,1987,"Adventure, Family, Fantasy, Romance",350661,1987-09-18,Rob Reiner
176,tt0317705,2014-01-20,2014-01-20,,The Incredibles,https://www.imdb.com/title/tt0317705/,movie,8.0,115,2004,"Animation, Action, Adventure, Family",584248,2004-10-27,Brad Bird
177,tt0046268,2014-01-20,2014-01-20,,Le salaire de la peur,https://www.imdb.com/title/tt0046268/,movie,8.1,131,1953,"Adventure, Drama, Thriller",47157,1953-04-15,Henri-Georges Clouzot
178,tt0112641,2014-01-20,2014-01-20,,Casino,https://www.imdb.com/title/tt0112641/,movie,8.2,178,1995,"Crime, Drama",405389,1995-04-03,Martin Scorsese
179,tt0041546,2014-01-20,2014-01-20,,Kind Hearts and Coronets,https://www.imdb.com/title/tt0041546/,movie,8.1,106,1949,"Comedy, Crime",31350,1949-06-23,Robert Hamer
180,tt0206634,2014-01-20,2014-01-20,,Children of Men,https://www.imdb.com/title/tt0206634/,movie,7.9,109,2006,"Drama, Sci-Fi, Thriller",421956,2006-09-03,Alfonso Cuarón
181,tt0065214,2014-01-20,2014-01-20,,The Wild Bunch,https://www.imdb.com/title/tt0065214/,movie,8.0,135,1969,"Action, Adventure, Western",70877,1969-06-18,Sam Peckinpah
182,tt0049406,2014-01-20,2014-01-20,,The Killing,https://www.imdb.com/title/tt0049406/,movie,8.0,84,1956,"Crime, Drama, Film-Noir, Thriller",72088,1956-05-19,Stanley Kubrick
183,tt0055031,2014-01-20,2014-01-20,,Judgment at Nuremberg,https://www.imdb.com/title/tt0055031/,movie,8.2,186,1961,"Drama, War",60267,1961-12-14,Stanley Kramer
184,tt0095327,2014-01-20,2014-01-20,,Hotaru no haka,https://www.imdb.com/title/tt0095327/,movie,8.5,89,1988,"Animation, Drama, War",189103,1988-04-16,Isao Takahata
185,tt0780536,2014-01-20,2014-01-20,,In Bruges,https://www.imdb.com/title/tt0780536/,movie,7.9,107,2008,"Comedy, Crime, Drama, Thriller",355710,2008-01-17,Martin McDonagh
186,tt0070047,2014-01-20,2014-01-20,,The Exorcist,https://www.imdb.com/title/tt0070047/,movie,8.0,122,1973,Horror,324881,1973-12-26,William Friedkin
187,tt0050783,2014-01-20,2014-01-20,,Le notti di Cabiria,https://www.imdb.com/title/tt0050783/,movie,8.1,110,1957,Drama,37717,1957-05-11,Federico Fellini
188,tt0036868,2014-01-20,2014-01-20,,The Best Years of Our Lives,https://www.imdb.com/title/tt0036868/,movie,8.1,170,1946,"Drama, Romance, War",52254,1946-11-21,William Wyler
189,tt0054997,2014-01-20,2014-01-20,,The Hustler,https://www.imdb.com/title/tt0054997/,movie,8.0,134,1961,"Drama, Sport",69673,1961-09-25,Robert Rossen
190,tt0042546,2014-01-20,2014-01-20,,Harvey,https://www.imdb.com/title/tt0042546/,movie,8.0,104,1950,"Comedy, Drama, Fantasy",49300,1950-12-04,Henry Koster
191,tt0018455,2014-01-20,2014-01-20,,Sunrise: A Song of Two Humans,https://www.imdb.com/title/tt0018455/,movie,8.2,94,1927,"Drama, Romance",42159,1927-09-23,F.W. Murnau
192,tt0109707,2014-01-20,2014-01-20,,Ed Wood,https://www.imdb.com/title/tt0109707/,movie,7.9,127,1994,"Biography, Comedy, Drama",155608,1994-09-23,Tim Burton
193,tt0012349,2014-01-20,2014-01-20,,The Kid,https://www.imdb.com/title/tt0012349/,movie,8.3,68,1921,"Comedy, Drama, Family",93230,1921-01-16,Charles Chaplin
194,tt0024216,2014-01-20,2014-01-20,,King Kong,https://www.imdb.com/title/tt0024216/,movie,7.9,100,1933,"Adventure, Horror, Sci-Fi",72657,1933-03-02,"Ernest B. Schoedsack, Merian C. Cooper"
195,tt0421715,2014-01-20,2014-01-20,,The Curious Case of Benjamin Button,https://www.imdb.com/title/tt0421715/,movie,7.8,166,2008,"Drama, Fantasy, Romance",529525,2008-12-10,David Fincher
196,tt0119217,2014-01-20,2014-01-20,,Good Will Hunting,https://www.imdb.com/title/tt0119217/,movie,8.3,126,1997,"Drama, Romance",748164,1997-12-02,Gus Van Sant
197,tt0498380,2014-01-20,2014-01-20,,Letters from Iwo Jima,https://www.imdb.com/title/tt0498380/,movie,7.9,141,2006,"Drama, History, War",144851,2006-11-15,Clint Eastwood
198,tt0063522,2014-01-20,2014-01-20,,Rosemary's Baby,https://www.imdb.com/title/tt0063522/,movie,8.0,137,1968,"Drama, Horror",166178,1968-06-12,Roman Polanski
199,tt0036342,2014-01-20,2014-01-20,,Shadow of a Doubt,https://www.imdb.com/title/tt0036342/,movie,7.9,108,1943,Thriller,53085,1943-01-12,Alfred Hitchcock
200,tt0319061,2014-01-20,2014-01-20,,Big Fish,https://www.imdb.com/title/tt0319061/,movie,8.0,125,2003,"Adventure, Drama, Fantasy, Romance",385216,2003-12-04,Tim Burton
201,tt0046912,2014-01-20,2014-01-20,,Dial M for Murder,https://www.imdb.com/title/tt0046912/,movie,8.2,105,1954,"Crime, Thriller",137497,1954-05-19,Alfred Hitchcock
202,tt1139797,2014-01-20,2014-01-20,,Låt den rätte komma in,https://www.imdb.com/title/tt1139797/,movie,7.9,115,2008,"Drama, Horror, Romance",192785,2008-01-26,Tomas Alfredson
203,tt0044081,2014-01-20,2014-01-20,,A Streetcar Named Desire,https://www.imdb.com/title/tt0044081/,movie,8.0,122,1951,Drama,90009,1951-09-09,Elia Kazan
204,tt0037558,2014-01-20,2014-01-20,,Brief Encounter,https://www.imdb.com/title/tt0037558/,movie,8.1,86,1945,"Drama, Romance",31032,1945-11-19,David Lean
205,tt0378194,2014-01-20,2014-01-20,,Kill Bill: Vol. 2,https://www.imdb.com/title/tt0378194/,movie,8.0,137,2004,"Action, Crime, Thriller",600144,2004-04-08,Quentin Tarantino
206,tt0046359,2014-01-20,2014-01-20,,Stalag 17,https://www.imdb.com/title/tt0046359/,movie,8.0,120,1953,"Comedy, Drama, War",47435,1953-05-29,Billy Wilder
207,tt0375679,2014-01-20,2014-01-20,,Crash,https://www.imdb.com/title/tt0375679/,movie,7.8,112,2004,"Crime, Drama, Thriller",396636,2004-09-10,Paul Haggis
208,tt0069281,2014-01-20,2014-01-20,,Sleuth,https://www.imdb.com/title/tt0069281/,movie,8.0,138,1972,"Mystery, Thriller",41349,1972-12-10,Joseph L. Mankiewicz
209,tt0023969,2014-01-20,2014-01-20,,Duck Soup,https://www.imdb.com/title/tt0023969/,movie,8.0,68,1933,"Comedy, Musical, War",51640,1933-11-12,Leo McCarey
210,tt0043265,2014-01-20,2014-01-20,,The African Queen,https://www.imdb.com/title/tt0043265/,movie,7.9,105,1951,"Adventure, Drama, Romance, War",65576,1951-12-26,John Huston
211,tt0175880,2014-01-20,2014-01-20,,Magnolia,https://www.imdb.com/title/tt0175880/,movie,8.0,188,1999,Drama,266525,1999-12-08,Paul Thomas Anderson
212,tt0075148,2014-01-20,2014-01-20,,Rocky,https://www.imdb.com/title/tt0075148/,movie,8.1,120,1976,"Drama, Sport",461824,1976-11-20,John G. Avildsen
213,tt0327056,2014-01-20,2014-01-20,,Mystic River,https://www.imdb.com/title/tt0327056/,movie,8.0,138,2003,"Crime, Drama, Mystery, Thriller",382970,2003-05-23,Clint Eastwood
214,tt0061418,2014-01-20,2014-01-20,,Bonnie and Clyde,https://www.imdb.com/title/tt0061418/,movie,7.9,111,1967,"Action, Biography, Crime, Drama",92018,1967-08-04,Arthur Penn
215,tt0401383,2014-01-20,2014-01-20,,Le scaphandre et le papillon,https://www.imdb.com/title/tt0401383/,movie,8.0,112,2007,"Biography, Drama",97608,2007-05-22,Julian Schnabel
216,tt0079522,2014-01-20,2014-01-20,,Manhattan,https://www.imdb.com/title/tt0079522/,movie,8.0,96,1979,"Comedy, Drama, Romance",119894,1979-04-18,Woody Allen
217,tt0040746,2014-01-20,2014-01-20,,Rope,https://www.imdb.com/title/tt0040746/,movie,8.0,80,1948,"Crime, Drama, Mystery, Thriller",113086,1948-08-26,Alfred Hitchcock
218,tt0074958,2014-01-20,2014-01-20,,Network,https://www.imdb.com/title/tt0074958/,movie,8.1,121,1976,Drama,128370,1976-11-14,Sidney Lumet
219,tt0449059,2014-01-20,2014-01-20,,Little Miss Sunshine,https://www.imdb.com/title/tt0449059/,movie,7.8,101,2006,"Comedy, Drama",403252,2006-01-20,"Jonathan Dayton, Valerie Faris"
220,tt0190332,2014-01-20,2014-01-20,,Wo hu cang long,https://www.imdb.com/title/tt0190332/,movie,7.9,120,2000,"Action, Adventure, Fantasy, Romance",237088,2000-05-18,Ang Lee
221,tt0325980,2014-01-20,2014-01-20,,Pirates of the Caribbean: The Curse of the Black Pearl,https://www.imdb.com/title/tt0325980/,movie,8.0,143,2003,"Action, Adventure, Fantasy",948363,2003-06-28,Gore Verbinski
222,tt0047528,2014-01-20,2014-01-20,,La strada,https://www.imdb.com/title/tt0047528/,movie,8.1,108,1954,Drama,52310,1954-09-06,Federico Fellini
223,tt0066206,2014-01-20,2014-01-20,,Patton,https://www.imdb.com/title/tt0066206/,movie,8.0,172,1970,"Biography, Drama, War",86800,1970-02-04,Franklin J. Schaffner
224,tt0824747,2014-01-20,2014-01-20,,Changeling,https://www.imdb.com/title/tt0824747/,movie,7.7,141,2008,"Biography, Crime, Drama, History, Mystery, Thriller",220594,2008-05-20,Clint Eastwood
225,tt0071360,2014-01-20,2014-01-20,,The Conversation,https://www.imdb.com/title/tt0071360/,movie,7.9,113,1974,"Drama, Mystery, Thriller",85866,1974-04-07,Francis Ford Coppola
226,tt0029843,2014-01-20,2014-01-20,,The Adventures of Robin Hood,https://www.imdb.com/title/tt0029843/,movie,8.0,102,1938,"Action, Adventure, Romance",43256,1938-05-12,"Michael Curtiz, William Keighley"
227,tt1022603,2014-01-20,2014-01-20,,(500) Days of Summer,https://www.imdb.com/title/tt1022603/,movie,7.7,95,2009,"Comedy, Drama, Romance",433756,2009-01-17,Marc Webb
228,tt0063442,2014-01-20,2014-01-20,,Planet of the Apes,https://www.imdb.com/title/tt0063442/,movie,8.0,112,1968,"Adventure, Sci-Fi",154131,1968-02-08,Franklin J. Schaffner
229,tt0107688,2014-01-20,2014-01-20,,The Nightmare Before Christmas,https://www.imdb.com/title/tt0107688/,movie,8.0,76,1993,"Animation, Family, Fantasy, Musical",264422,1993-10-09,Henry Selick
230,tt0365748,2014-01-20,2014-01-20,,Shaun of the Dead,https://www.imdb.com/title/tt0365748/,movie,7.9,99,2004,"Comedy, Horror",460808,2004-03-29,Edgar Wright
231,tt0097441,2014-01-20,2014-01-20,,Glory,https://www.imdb.com/title/tt0097441/,movie,7.9,122,1989,"Biography, Drama, History, War",111869,1989-12-15,Edward Zwick
232,tt0054331,2014-01-20,2014-01-20,,Spartacus,https://www.imdb.com/title/tt0054331/,movie,7.9,197,1960,"Adventure, Biography, Drama, History, War",111412,1960-10-06,Stanley Kubrick
233,tt0030341,2014-01-20,2014-01-20,,The Lady Vanishes,https://www.imdb.com/title/tt0030341/,movie,7.9,96,1938,"Mystery, Thriller",41910,1938-10-07,Alfred Hitchcock
234,tt0032904,2014-01-20,2014-01-20,,The Philadelphia Story,https://www.imdb.com/title/tt0032904/,movie,8.0,112,1940,"Comedy, Romance",57530,1940-12-05,George Cukor
235,tt0020629,2014-01-20,2014-01-20,,All Quiet on the Western Front,https://www.imdb.com/title/tt0020629/,movie,8.1,136,1930,"Drama, War",52740,1930-04-21,Lewis Milestone
236,tt0058946,2014-01-20,2014-01-20,,La battaglia di Algeri,https://www.imdb.com/title/tt0058946/,movie,8.1,121,1966,"Drama, War",46399,1966-08-31,Gillo Pontecorvo
237,tt0166924,2014-01-20,2014-01-20,,Mulholland Dr.,https://www.imdb.com/title/tt0166924/,movie,8.0,147,2001,"Drama, Mystery, Thriller",285562,2001-05-16,David Lynch
238,tt0072684,2014-01-20,2014-01-20,,Barry Lyndon,https://www.imdb.com/title/tt0072684/,movie,8.1,185,1975,"Adventure, Drama, History, War",129138,1975-12-11,Stanley Kubrick
239,tt0198781,2014-01-20,2014-01-20,,"Monsters, Inc.",https://www.imdb.com/title/tt0198781/,movie,8.1,92,2001,"Animation, Adventure, Comedy, Family, Fantasy",720935,2001-10-28,"Pete Docter, David Silverman, Lee Unkrich"
240,tt0061184,2014-01-20,2014-01-20,,Who's Afraid of Virginia Woolf?,https://www.imdb.com/title/tt0061184/,movie,8.0,131,1966,Drama,63013,1966-06-21,Mike Nichols
241,tt0032599,2014-01-20,2014-01-20,,His Girl Friday,https://www.imdb.com/title/tt0032599/,movie,8.0,92,1940,"Comedy, Drama, Romance",47641,1940-01-11,Howard Hawks
242,tt0120363,2014-01-20,2014-01-20,,Toy Story 2,https://www.imdb.com/title/tt0120363/,movie,7.9,92,1999,"Animation, Adventure, Comedy, Family, Fantasy",457414,1999-11-13,"John Lasseter, Ash Brannon, Lee Unkrich"
243,tt0052561,2014-01-20,2014-01-20,,Anatomy of a Murder,https://www.imdb.com/title/tt0052561/,movie,8.0,160,1959,"Crime, Drama, Mystery, Thriller",53023,1959-07-01,Otto Preminger
244,tt0381061,2014-01-20,2014-01-20,,Casino Royale,https://www.imdb.com/title/tt0381061/,movie,8.0,144,2006,"Action, Adventure, Thriller",530961,2006-11-14,Martin Campbell
245,tt0088846,2014-01-20,2014-01-20,,Brazil,https://www.imdb.com/title/tt0088846/,movie,8.0,132,1985,"Drama, Sci-Fi",172663,1985-02-20,Terry Gilliam
246,tt0036613,2014-01-20,2014-01-20,,Arsenic and Old Lace,https://www.imdb.com/title/tt0036613/,movie,8.0,118,1944,"Comedy, Crime, Thriller",60804,1944-09-01,Frank Capra
247,tt0096283,2014-01-20,2014-01-20,,Tonari no Totoro,https://www.imdb.com/title/tt0096283/,movie,8.2,86,1988,"Animation, Family, Fantasy",231615,1988-04-16,Hayao Miyazaki
248,tt0450259,2014-01-20,2014-01-20,,Blood Diamond,https://www.imdb.com/title/tt0450259/,movie,8.0,143,2006,"Adventure, Drama, Thriller",455821,2006-12-08,Edward Zwick
249,tt0338564,2014-01-20,2014-01-20,,Mou gaan dou,https://www.imdb.com/title/tt0338564/,movie,8.1,101,2002,"Crime, Drama, Mystery, Thriller",109967,2002-12-12,"Alan Mak, Wai-Keung Lau"
250,tt0043456,2014-01-20,2014-01-20,,The Day the Earth Stood Still,https://www.imdb.com/title/tt0043456/,movie,7.8,92,1951,"Drama, Sci-Fi",71321,1951-09-18,Robert Wise
